sequence,change_type,difficulty,reference_image,target_image,homography
i_ajuntament,illumination,1,i_ajuntament/1.ppm,i_ajuntament/2.ppm,i_ajuntament/H_1_2
i_ajuntament,illumination,2,i_ajuntament/1.ppm,i_ajuntament/3.ppm,i_ajuntament/H_1_3
i_ajuntament,illumination,3,i_ajuntament/1.ppm,i_ajuntament/4.ppm,i_ajuntament/H_1_4
i_ajuntament,illumination,4,i_ajuntament/1.ppm,i_ajuntament/5.ppm,i_ajuntament/H_1_5
i_ajuntament,illumination,5,i_ajuntament/1.ppm,i_ajuntament/6.ppm,i_ajuntament/H_1_6
i_autannes,illumination,1,i_autannes/1.ppm,i_autannes/2.ppm,i_autannes/H_1_2
i_autannes,illumination,2,i_autannes/1.ppm,i_autannes/3.ppm,i_autannes/H_1_3
i_autannes,illumination,3,i_autannes/1.ppm,i_autannes/4.ppm,i_autannes/H_1_4
i_autannes,illumination,4,i_autannes/1.ppm,i_autannes/5.ppm,i_autannes/H_1_5
i_autannes,illumination,5,i_autannes/1.ppm,i_autannes/6.ppm,i_autannes/H_1_6
i_bologna,illumination,1,i_bologna/1.ppm,i_bologna/2.ppm,i_bologna/H_1_2
i_bologna,illumination,2,i_bologna/1.ppm,i_bologna/3.ppm,i_bologna/H_1_3
i_bologna,illumination,3,i_bologna/1.ppm,i_bologna/4.ppm,i_bologna/H_1_4
i_bologna,illumination,4,i_bologna/1.ppm,i_bologna/5.ppm,i_bologna/H_1_5
i_bologna,illumination,5,i_bologna/1.ppm,i_bologna/6.ppm,i_bologna/H_1_6
i_books,illumination,1,i_books/1.ppm,i_books/2.ppm,i_books/H_1_2
i_books,illumination,2,i_books/1.ppm,i_books/3.ppm,i_books/H_1_3
i_books,illumination,3,i_books/1.ppm,i_books/4.ppm,i_books/H_1_4
i_books,illumination,4,i_books/1.ppm,i_books/5.ppm,i_books/H_1_5
i_books,illumination,5,i_books/1.ppm,i_books/6.ppm,i_books/H_1_6
i_boutique,illumination,1,i_boutique/1.ppm,i_boutique/2.ppm,i_boutique/H_1_2
i_boutique,illumination,2,i_boutique/1.ppm,i_boutique/3.ppm,i_boutique/H_1_3
i_boutique,illumination,3,i_boutique/1.ppm,i_boutique/4.ppm,i_boutique/H_1_4
i_boutique,illumination,4,i_boutique/1.ppm,i_boutique/5.ppm,i_boutique/H_1_5
i_boutique,illumination,5,i_boutique/1.ppm,i_boutique/6.ppm,i_boutique/H_1_6
i_bridger,illumination,1,i_bridger/1.ppm,i_bridger/2.ppm,i_bridger/H_1_2
i_bridger,illumination,2,i_bridger/1.ppm,i_bridger/3.ppm,i_bridger/H_1_3
i_bridger,illumination,3,i_bridger/1.ppm,i_bridger/4.ppm,i_bridger/H_1_4
i_bridger,illumination,4,i_bridger/1.ppm,i_bridger/5.ppm,i_bridger/H_1_5
i_bridger,illumination,5,i_bridger/1.ppm,i_bridger/6.ppm,i_bridger/H_1_6
i_brooklyn,illumination,1,i_brooklyn/1.ppm,i_brooklyn/2.ppm,i_brooklyn/H_1_2
i_brooklyn,illumination,2,i_brooklyn/1.ppm,i_brooklyn/3.ppm,i_brooklyn/H_1_3
i_brooklyn,illumination,3,i_brooklyn/1.ppm,i_brooklyn/4.ppm,i_brooklyn/H_1_4
i_brooklyn,illumination,4,i_brooklyn/1.ppm,i_brooklyn/5.ppm,i_brooklyn/H_1_5
i_brooklyn,illumination,5,i_brooklyn/1.ppm,i_brooklyn/6.ppm,i_brooklyn/H_1_6
i_castle,illumination,1,i_castle/1.ppm,i_castle/2.ppm,i_castle/H_1_2
i_castle,illumination,2,i_castle/1.ppm,i_castle/3.ppm,i_castle/H_1_3
i_castle,illumination,3,i_castle/1.ppm,i_castle/4.ppm,i_castle/H_1_4
i_castle,illumination,4,i_castle/1.ppm,i_castle/5.ppm,i_castle/H_1_5
i_castle,illumination,5,i_castle/1.ppm,i_castle/6.ppm,i_castle/H_1_6
i_chestnuts,illumination,1,i_chestnuts/1.ppm,i_chestnuts/2.ppm,i_chestnuts/H_1_2
i_chestnuts,illumination,2,i_chestnuts/1.ppm,i_chestnuts/3.ppm,i_chestnuts/H_1_3
i_chestnuts,illumination,3,i_chestnuts/1.ppm,i_chestnuts/4.ppm,i_chestnuts/H_1_4
i_chestnuts,illumination,4,i_chestnuts/1.ppm,i_chestnuts/5.ppm,i_chestnuts/H_1_5
i_chestnuts,illumination,5,i_chestnuts/1.ppm,i_chestnuts/6.ppm,i_chestnuts/H_1_6
i_contruction,illumination,1,i_contruction/1.ppm,i_contruction/2.ppm,i_contruction/H_1_2
i_contruction,illumination,2,i_contruction/1.ppm,i_contruction/3.ppm,i_contruction/H_1_3
i_contruction,illumination,3,i_contruction/1.ppm,i_contruction/4.ppm,i_contruction/H_1_4
i_contruction,illumination,4,i_contruction/1.ppm,i_contruction/5.ppm,i_contruction/H_1_5
i_contruction,illumination,5,i_contruction/1.ppm,i_contruction/6.ppm,i_contruction/H_1_6
i_crownday,illumination,1,i_crownday/1.ppm,i_crownday/2.ppm,i_crownday/H_1_2
i_crownday,illumination,2,i_crownday/1.ppm,i_crownday/3.ppm,i_crownday/H_1_3
i_crownday,illumination,3,i_crownday/1.ppm,i_crownday/4.ppm,i_crownday/H_1_4
i_crownday,illumination,4,i_crownday/1.ppm,i_crownday/5.ppm,i_crownday/H_1_5
i_crownday,illumination,5,i_crownday/1.ppm,i_crownday/6.ppm,i_crownday/H_1_6
i_crownnight,illumination,1,i_crownnight/1.ppm,i_crownnight/2.ppm,i_crownnight/H_1_2
i_crownnight,illumination,2,i_crownnight/1.ppm,i_crownnight/3.ppm,i_crownnight/H_1_3
i_crownnight,illumination,3,i_crownnight/1.ppm,i_crownnight/4.ppm,i_crownnight/H_1_4
i_crownnight,illumination,4,i_crownnight/1.ppm,i_crownnight/5.ppm,i_crownnight/H_1_5
i_crownnight,illumination,5,i_crownnight/1.ppm,i_crownnight/6.ppm,i_crownnight/H_1_6
i_dc,illumination,1,i_dc/1.ppm,i_dc/2.ppm,i_dc/H_1_2
i_dc,illumination,2,i_dc/1.ppm,i_dc/3.ppm,i_dc/H_1_3
i_dc,illumination,3,i_dc/1.ppm,i_dc/4.ppm,i_dc/H_1_4
i_dc,illumination,4,i_dc/1.ppm,i_dc/5.ppm,i_dc/H_1_5
i_dc,illumination,5,i_dc/1.ppm,i_dc/6.ppm,i_dc/H_1_6
i_dome,illumination,1,i_dome/1.ppm,i_dome/2.ppm,i_dome/H_1_2
i_dome,illumination,2,i_dome/1.ppm,i_dome/3.ppm,i_dome/H_1_3
i_dome,illumination,3,i_dome/1.ppm,i_dome/4.ppm,i_dome/H_1_4
i_dome,illumination,4,i_dome/1.ppm,i_dome/5.ppm,i_dome/H_1_5
i_dome,illumination,5,i_dome/1.ppm,i_dome/6.ppm,i_dome/H_1_6
i_duda,illumination,1,i_duda/1.ppm,i_duda/2.ppm,i_duda/H_1_2
i_duda,illumination,2,i_duda/1.ppm,i_duda/3.ppm,i_duda/H_1_3
i_duda,illumination,3,i_duda/1.ppm,i_duda/4.ppm,i_duda/H_1_4
i_duda,illumination,4,i_duda/1.ppm,i_duda/5.ppm,i_duda/H_1_5
i_duda,illumination,5,i_duda/1.ppm,i_duda/6.ppm,i_duda/H_1_6
i_fenis,illumination,1,i_fenis/1.ppm,i_fenis/2.ppm,i_fenis/H_1_2
i_fenis,illumination,2,i_fenis/1.ppm,i_fenis/3.ppm,i_fenis/H_1_3
i_fenis,illumination,3,i_fenis/1.ppm,i_fenis/4.ppm,i_fenis/H_1_4
i_fenis,illumination,4,i_fenis/1.ppm,i_fenis/5.ppm,i_fenis/H_1_5
i_fenis,illumination,5,i_fenis/1.ppm,i_fenis/6.ppm,i_fenis/H_1_6
i_fog,illumination,1,i_fog/1.ppm,i_fog/2.ppm,i_fog/H_1_2
i_fog,illumination,2,i_fog/1.ppm,i_fog/3.ppm,i_fog/H_1_3
i_fog,illumination,3,i_fog/1.ppm,i_fog/4.ppm,i_fog/H_1_4
i_fog,illumination,4,i_fog/1.ppm,i_fog/5.ppm,i_fog/H_1_5
i_fog,illumination,5,i_fog/1.ppm,i_fog/6.ppm,i_fog/H_1_6
i_fruits,illumination,1,i_fruits/1.ppm,i_fruits/2.ppm,i_fruits/H_1_2
i_fruits,illumination,2,i_fruits/1.ppm,i_fruits/3.ppm,i_fruits/H_1_3
i_fruits,illumination,3,i_fruits/1.ppm,i_fruits/4.ppm,i_fruits/H_1_4
i_fruits,illumination,4,i_fruits/1.ppm,i_fruits/5.ppm,i_fruits/H_1_5
i_fruits,illumination,5,i_fruits/1.ppm,i_fruits/6.ppm,i_fruits/H_1_6
i_gonnenberg,illumination,1,i_gonnenberg/1.ppm,i_gonnenberg/2.ppm,i_gonnenberg/H_1_2
i_gonnenberg,illumination,2,i_gonnenberg/1.ppm,i_gonnenberg/3.ppm,i_gonnenberg/H_1_3
i_gonnenberg,illumination,3,i_gonnenberg/1.ppm,i_gonnenberg/4.ppm,i_gonnenberg/H_1_4
i_gonnenberg,illumination,4,i_gonnenberg/1.ppm,i_gonnenberg/5.ppm,i_gonnenberg/H_1_5
i_gonnenberg,illumination,5,i_gonnenberg/1.ppm,i_gonnenberg/6.ppm,i_gonnenberg/H_1_6
i_greenhouse,illumination,1,i_greenhouse/1.ppm,i_greenhouse/2.ppm,i_greenhouse/H_1_2
i_greenhouse,illumination,2,i_greenhouse/1.ppm,i_greenhouse/3.ppm,i_greenhouse/H_1_3
i_greenhouse,illumination,3,i_greenhouse/1.ppm,i_greenhouse/4.ppm,i_greenhouse/H_1_4
i_greenhouse,illumination,4,i_greenhouse/1.ppm,i_greenhouse/5.ppm,i_greenhouse/H_1_5
i_greenhouse,illumination,5,i_greenhouse/1.ppm,i_greenhouse/6.ppm,i_greenhouse/H_1_6
i_greentea,illumination,1,i_greentea/1.ppm,i_greentea/2.ppm,i_greentea/H_1_2
i_greentea,illumination,2,i_greentea/1.ppm,i_greentea/3.ppm,i_greentea/H_1_3
i_greentea,illumination,3,i_greentea/1.ppm,i_greentea/4.ppm,i_greentea/H_1_4
i_greentea,illumination,4,i_greentea/1.ppm,i_greentea/5.ppm,i_greentea/H_1_5
i_greentea,illumination,5,i_greentea/1.ppm,i_greentea/6.ppm,i_greentea/H_1_6
i_indiana,illumination,1,i_indiana/1.ppm,i_indiana/2.ppm,i_indiana/H_1_2
i_indiana,illumination,2,i_indiana/1.ppm,i_indiana/3.ppm,i_indiana/H_1_3
i_indiana,illumination,3,i_indiana/1.ppm,i_indiana/4.ppm,i_indiana/H_1_4
i_indiana,illumination,4,i_indiana/1.ppm,i_indiana/5.ppm,i_indiana/H_1_5
i_indiana,illumination,5,i_indiana/1.ppm,i_indiana/6.ppm,i_indiana/H_1_6
i_kions,illumination,1,i_kions/1.ppm,i_kions/2.ppm,i_kions/H_1_2
i_kions,illumination,2,i_kions/1.ppm,i_kions/3.ppm,i_kions/H_1_3
i_kions,illumination,3,i_kions/1.ppm,i_kions/4.ppm,i_kions/H_1_4
i_kions,illumination,4,i_kions/1.ppm,i_kions/5.ppm,i_kions/H_1_5
i_kions,illumination,5,i_kions/1.ppm,i_kions/6.ppm,i_kions/H_1_6
i_ktirio,illumination,1,i_ktirio/1.ppm,i_ktirio/2.ppm,i_ktirio/H_1_2
i_ktirio,illumination,2,i_ktirio/1.ppm,i_ktirio/3.ppm,i_ktirio/H_1_3
i_ktirio,illumination,3,i_ktirio/1.ppm,i_ktirio/4.ppm,i_ktirio/H_1_4
i_ktirio,illumination,4,i_ktirio/1.ppm,i_ktirio/5.ppm,i_ktirio/H_1_5
i_ktirio,illumination,5,i_ktirio/1.ppm,i_ktirio/6.ppm,i_ktirio/H_1_6
i_kurhaus,illumination,1,i_kurhaus/1.ppm,i_kurhaus/2.ppm,i_kurhaus/H_1_2
i_kurhaus,illumination,2,i_kurhaus/1.ppm,i_kurhaus/3.ppm,i_kurhaus/H_1_3
i_kurhaus,illumination,3,i_kurhaus/1.ppm,i_kurhaus/4.ppm,i_kurhaus/H_1_4
i_kurhaus,illumination,4,i_kurhaus/1.ppm,i_kurhaus/5.ppm,i_kurhaus/H_1_5
i_kurhaus,illumination,5,i_kurhaus/1.ppm,i_kurhaus/6.ppm,i_kurhaus/H_1_6
i_leuven,illumination,1,i_leuven/1.ppm,i_leuven/2.ppm,i_leuven/H_1_2
i_leuven,illumination,2,i_leuven/1.ppm,i_leuven/3.ppm,i_leuven/H_1_3
i_leuven,illumination,3,i_leuven/1.ppm,i_leuven/4.ppm,i_leuven/H_1_4
i_leuven,illumination,4,i_leuven/1.ppm,i_leuven/5.ppm,i_leuven/H_1_5
i_leuven,illumination,5,i_leuven/1.ppm,i_leuven/6.ppm,i_leuven/H_1_6
i_lionday,illumination,1,i_lionday/1.ppm,i_lionday/2.ppm,i_lionday/H_1_2
i_lionday,illumination,2,i_lionday/1.ppm,i_lionday/3.ppm,i_lionday/H_1_3
i_lionday,illumination,3,i_lionday/1.ppm,i_lionday/4.ppm,i_lionday/H_1_4
i_lionday,illumination,4,i_lionday/1.ppm,i_lionday/5.ppm,i_lionday/H_1_5
i_lionday,illumination,5,i_lionday/1.ppm,i_lionday/6.ppm,i_lionday/H_1_6
i_lionnight,illumination,1,i_lionnight/1.ppm,i_lionnight/2.ppm,i_lionnight/H_1_2
i_lionnight,illumination,2,i_lionnight/1.ppm,i_lionnight/3.ppm,i_lionnight/H_1_3
i_lionnight,illumination,3,i_lionnight/1.ppm,i_lionnight/4.ppm,i_lionnight/H_1_4
i_lionnight,illumination,4,i_lionnight/1.ppm,i_lionnight/5.ppm,i_lionnight/H_1_5
i_lionnight,illumination,5,i_lionnight/1.ppm,i_lionnight/6.ppm,i_lionnight/H_1_6
i_londonbridge,illumination,1,i_londonbridge/1.ppm,i_londonbridge/2.ppm,i_londonbridge/H_1_2
i_londonbridge,illumination,2,i_londonbridge/1.ppm,i_londonbridge/3.ppm,i_londonbridge/H_1_3
i_londonbridge,illumination,3,i_londonbridge/1.ppm,i_londonbridge/4.ppm,i_londonbridge/H_1_4
i_londonbridge,illumination,4,i_londonbridge/1.ppm,i_londonbridge/5.ppm,i_londonbridge/H_1_5
i_londonbridge,illumination,5,i_londonbridge/1.ppm,i_londonbridge/6.ppm,i_londonbridge/H_1_6
i_melon,illumination,1,i_melon/1.ppm,i_melon/2.ppm,i_melon/H_1_2
i_melon,illumination,2,i_melon/1.ppm,i_melon/3.ppm,i_melon/H_1_3
i_melon,illumination,3,i_melon/1.ppm,i_melon/4.ppm,i_melon/H_1_4
i_melon,illumination,4,i_melon/1.ppm,i_melon/5.ppm,i_melon/H_1_5
i_melon,illumination,5,i_melon/1.ppm,i_melon/6.ppm,i_melon/H_1_6
i_miniature,illumination,1,i_miniature/1.ppm,i_miniature/2.ppm,i_miniature/H_1_2
i_miniature,illumination,2,i_miniature/1.ppm,i_miniature/3.ppm,i_miniature/H_1_3
i_miniature,illumination,3,i_miniature/1.ppm,i_miniature/4.ppm,i_miniature/H_1_4
i_miniature,illumination,4,i_miniature/1.ppm,i_miniature/5.ppm,i_miniature/H_1_5
i_miniature,illumination,5,i_miniature/1.ppm,i_miniature/6.ppm,i_miniature/H_1_6
i_nescafe,illumination,1,i_nescafe/1.ppm,i_nescafe/2.ppm,i_nescafe/H_1_2
i_nescafe,illumination,2,i_nescafe/1.ppm,i_nescafe/3.ppm,i_nescafe/H_1_3
i_nescafe,illumination,3,i_nescafe/1.ppm,i_nescafe/4.ppm,i_nescafe/H_1_4
i_nescafe,illumination,4,i_nescafe/1.ppm,i_nescafe/5.ppm,i_nescafe/H_1_5
i_nescafe,illumination,5,i_nescafe/1.ppm,i_nescafe/6.ppm,i_nescafe/H_1_6
i_nijmegen,illumination,1,i_nijmegen/1.ppm,i_nijmegen/2.ppm,i_nijmegen/H_1_2
i_nijmegen,illumination,2,i_nijmegen/1.ppm,i_nijmegen/3.ppm,i_nijmegen/H_1_3
i_nijmegen,illumination,3,i_nijmegen/1.ppm,i_nijmegen/4.ppm,i_nijmegen/H_1_4
i_nijmegen,illumination,4,i_nijmegen/1.ppm,i_nijmegen/5.ppm,i_nijmegen/H_1_5
i_nijmegen,illumination,5,i_nijmegen/1.ppm,i_nijmegen/6.ppm,i_nijmegen/H_1_6
i_nuts,illumination,1,i_nuts/1.ppm,i_nuts/2.ppm,i_nuts/H_1_2
i_nuts,illumination,2,i_nuts/1.ppm,i_nuts/3.ppm,i_nuts/H_1_3
i_nuts,illumination,3,i_nuts/1.ppm,i_nuts/4.ppm,i_nuts/H_1_4
i_nuts,illumination,4,i_nuts/1.ppm,i_nuts/5.ppm,i_nuts/H_1_5
i_nuts,illumination,5,i_nuts/1.ppm,i_nuts/6.ppm,i_nuts/H_1_6
i_objects,illumination,1,i_objects/1.ppm,i_objects/2.ppm,i_objects/H_1_2
i_objects,illumination,2,i_objects/1.ppm,i_objects/3.ppm,i_objects/H_1_3
i_objects,illumination,3,i_objects/1.ppm,i_objects/4.ppm,i_objects/H_1_4
i_objects,illumination,4,i_objects/1.ppm,i_objects/5.ppm,i_objects/H_1_5
i_objects,illumination,5,i_objects/1.ppm,i_objects/6.ppm,i_objects/H_1_6
i_parking,illumination,1,i_parking/1.ppm,i_parking/2.ppm,i_parking/H_1_2
i_parking,illumination,2,i_parking/1.ppm,i_parking/3.ppm,i_parking/H_1_3
i_parking,illumination,3,i_parking/1.ppm,i_parking/4.ppm,i_parking/H_1_4
i_parking,illumination,4,i_parking/1.ppm,i_parking/5.ppm,i_parking/H_1_5
i_parking,illumination,5,i_parking/1.ppm,i_parking/6.ppm,i_parking/H_1_6
i_partyfood,illumination,1,i_partyfood/1.ppm,i_partyfood/2.ppm,i_partyfood/H_1_2
i_partyfood,illumination,2,i_partyfood/1.ppm,i_partyfood/3.ppm,i_partyfood/H_1_3
i_partyfood,illumination,3,i_partyfood/1.ppm,i_partyfood/4.ppm,i_partyfood/H_1_4
i_partyfood,illumination,4,i_partyfood/1.ppm,i_partyfood/5.ppm,i_partyfood/H_1_5
i_partyfood,illumination,5,i_partyfood/1.ppm,i_partyfood/6.ppm,i_partyfood/H_1_6
i_pencils,illumination,1,i_pencils/1.ppm,i_pencils/2.ppm,i_pencils/H_1_2
i_pencils,illumination,2,i_pencils/1.ppm,i_pencils/3.ppm,i_pencils/H_1_3
i_pencils,illumination,3,i_pencils/1.ppm,i_pencils/4.ppm,i_pencils/H_1_4
i_pencils,illumination,4,i_pencils/1.ppm,i_pencils/5.ppm,i_pencils/H_1_5
i_pencils,illumination,5,i_pencils/1.ppm,i_pencils/6.ppm,i_pencils/H_1_6
i_pinard,illumination,1,i_pinard/1.ppm,i_pinard/2.ppm,i_pinard/H_1_2
i_pinard,illumination,2,i_pinard/1.ppm,i_pinard/3.ppm,i_pinard/H_1_3
i_pinard,illumination,3,i_pinard/1.ppm,i_pinard/4.ppm,i_pinard/H_1_4
i_pinard,illumination,4,i_pinard/1.ppm,i_pinard/5.ppm,i_pinard/H_1_5
i_pinard,illumination,5,i_pinard/1.ppm,i_pinard/6.ppm,i_pinard/H_1_6
i_pool,illumination,1,i_pool/1.ppm,i_pool/2.ppm,i_pool/H_1_2
i_pool,illumination,2,i_pool/1.ppm,i_pool/3.ppm,i_pool/H_1_3
i_pool,illumination,3,i_pool/1.ppm,i_pool/4.ppm,i_pool/H_1_4
i_pool,illumination,4,i_pool/1.ppm,i_pool/5.ppm,i_pool/H_1_5
i_pool,illumination,5,i_pool/1.ppm,i_pool/6.ppm,i_pool/H_1_6
i_porta,illumination,1,i_porta/1.ppm,i_porta/2.ppm,i_porta/H_1_2
i_porta,illumination,2,i_porta/1.ppm,i_porta/3.ppm,i_porta/H_1_3
i_porta,illumination,3,i_porta/1.ppm,i_porta/4.ppm,i_porta/H_1_4
i_porta,illumination,4,i_porta/1.ppm,i_porta/5.ppm,i_porta/H_1_5
i_porta,illumination,5,i_porta/1.ppm,i_porta/6.ppm,i_porta/H_1_6
i_resort,illumination,1,i_resort/1.ppm,i_resort/2.ppm,i_resort/H_1_2
i_resort,illumination,2,i_resort/1.ppm,i_resort/3.ppm,i_resort/H_1_3
i_resort,illumination,3,i_resort/1.ppm,i_resort/4.ppm,i_resort/H_1_4
i_resort,illumination,4,i_resort/1.ppm,i_resort/5.ppm,i_resort/H_1_5
i_resort,illumination,5,i_resort/1.ppm,i_resort/6.ppm,i_resort/H_1_6
i_salon,illumination,1,i_salon/1.ppm,i_salon/2.ppm,i_salon/H_1_2
i_salon,illumination,2,i_salon/1.ppm,i_salon/3.ppm,i_salon/H_1_3
i_salon,illumination,3,i_salon/1.ppm,i_salon/4.ppm,i_salon/H_1_4
i_salon,illumination,4,i_salon/1.ppm,i_salon/5.ppm,i_salon/H_1_5
i_salon,illumination,5,i_salon/1.ppm,i_salon/6.ppm,i_salon/H_1_6
i_santuario,illumination,1,i_santuario/1.ppm,i_santuario/2.ppm,i_santuario/H_1_2
i_santuario,illumination,2,i_santuario/1.ppm,i_santuario/3.ppm,i_santuario/H_1_3
i_santuario,illumination,3,i_santuario/1.ppm,i_santuario/4.ppm,i_santuario/H_1_4
i_santuario,illumination,4,i_santuario/1.ppm,i_santuario/5.ppm,i_santuario/H_1_5
i_santuario,illumination,5,i_santuario/1.ppm,i_santuario/6.ppm,i_santuario/H_1_6
i_school,illumination,1,i_school/1.ppm,i_school/2.ppm,i_school/H_1_2
i_school,illumination,2,i_school/1.ppm,i_school/3.ppm,i_school/H_1_3
i_school,illumination,3,i_school/1.ppm,i_school/4.ppm,i_school/H_1_4
i_school,illumination,4,i_school/1.ppm,i_school/5.ppm,i_school/H_1_5
i_school,illumination,5,i_school/1.ppm,i_school/6.ppm,i_school/H_1_6
i_ski,illumination,1,i_ski/1.ppm,i_ski/2.ppm,i_ski/H_1_2
i_ski,illumination,2,i_ski/1.ppm,i_ski/3.ppm,i_ski/H_1_3
i_ski,illumination,3,i_ski/1.ppm,i_ski/4.ppm,i_ski/H_1_4
i_ski,illumination,4,i_ski/1.ppm,i_ski/5.ppm,i_ski/H_1_5
i_ski,illumination,5,i_ski/1.ppm,i_ski/6.ppm,i_ski/H_1_6
i_smurf,illumination,1,i_smurf/1.ppm,i_smurf/2.ppm,i_smurf/H_1_2
i_smurf,illumination,2,i_smurf/1.ppm,i_smurf/3.ppm,i_smurf/H_1_3
i_smurf,illumination,3,i_smurf/1.ppm,i_smurf/4.ppm,i_smurf/H_1_4
i_smurf,illumination,4,i_smurf/1.ppm,i_smurf/5.ppm,i_smurf/H_1_5
i_smurf,illumination,5,i_smurf/1.ppm,i_smurf/6.ppm,i_smurf/H_1_6
i_steps,illumination,1,i_steps/1.ppm,i_steps/2.ppm,i_steps/H_1_2
i_steps,illumination,2,i_steps/1.ppm,i_steps/3.ppm,i_steps/H_1_3
i_steps,illumination,3,i_steps/1.ppm,i_steps/4.ppm,i_steps/H_1_4
i_steps,illumination,4,i_steps/1.ppm,i_steps/5.ppm,i_steps/H_1_5
i_steps,illumination,5,i_steps/1.ppm,i_steps/6.ppm,i_steps/H_1_6
i_table,illumination,1,i_table/1.ppm,i_table/2.ppm,i_table/H_1_2
i_table,illumination,2,i_table/1.ppm,i_table/3.ppm,i_table/H_1_3
i_table,illumination,3,i_table/1.ppm,i_table/4.ppm,i_table/H_1_4
i_table,illumination,4,i_table/1.ppm,i_table/5.ppm,i_table/H_1_5
i_table,illumination,5,i_table/1.ppm,i_table/6.ppm,i_table/H_1_6
i_tools,illumination,1,i_tools/1.ppm,i_tools/2.ppm,i_tools/H_1_2
i_tools,illumination,2,i_tools/1.ppm,i_tools/3.ppm,i_tools/H_1_3
i_tools,illumination,3,i_tools/1.ppm,i_tools/4.ppm,i_tools/H_1_4
i_tools,illumination,4,i_tools/1.ppm,i_tools/5.ppm,i_tools/H_1_5
i_tools,illumination,5,i_tools/1.ppm,i_tools/6.ppm,i_tools/H_1_6
i_toy,illumination,1,i_toy/1.ppm,i_toy/2.ppm,i_toy/H_1_2
i_toy,illumination,2,i_toy/1.ppm,i_toy/3.ppm,i_toy/H_1_3
i_toy,illumination,3,i_toy/1.ppm,i_toy/4.ppm,i_toy/H_1_4
i_toy,illumination,4,i_toy/1.ppm,i_toy/5.ppm,i_toy/H_1_5
i_toy,illumination,5,i_toy/1.ppm,i_toy/6.ppm,i_toy/H_1_6
i_troulos,illumination,1,i_troulos/1.ppm,i_troulos/2.ppm,i_troulos/H_1_2
i_troulos,illumination,2,i_troulos/1.ppm,i_troulos/3.ppm,i_troulos/H_1_3
i_troulos,illumination,3,i_troulos/1.ppm,i_troulos/4.ppm,i_troulos/H_1_4
i_troulos,illumination,4,i_troulos/1.ppm,i_troulos/5.ppm,i_troulos/H_1_5
i_troulos,illumination,5,i_troulos/1.ppm,i_troulos/6.ppm,i_troulos/H_1_6
i_veggies,illumination,1,i_veggies/1.ppm,i_veggies/2.ppm,i_veggies/H_1_2
i_veggies,illumination,2,i_veggies/1.ppm,i_veggies/3.ppm,i_veggies/H_1_3
i_veggies,illumination,3,i_veggies/1.ppm,i_veggies/4.ppm,i_veggies/H_1_4
i_veggies,illumination,4,i_veggies/1.ppm,i_veggies/5.ppm,i_veggies/H_1_5
i_veggies,illumination,5,i_veggies/1.ppm,i_veggies/6.ppm,i_veggies/H_1_6
i_village,illumination,1,i_village/1.ppm,i_village/2.ppm,i_village/H_1_2
i_village,illumination,2,i_village/1.ppm,i_village/3.ppm,i_village/H_1_3
i_village,illumination,3,i_village/1.ppm,i_village/4.ppm,i_village/H_1_4
i_village,illumination,4,i_village/1.ppm,i_village/5.ppm,i_village/H_1_5
i_village,illumination,5,i_village/1.ppm,i_village/6.ppm,i_village/H_1_6
i_whitebuilding,illumination,1,i_whitebuilding/1.ppm,i_whitebuilding/2.ppm,i_whitebuilding/H_1_2
i_whitebuilding,illumination,2,i_whitebuilding/1.ppm,i_whitebuilding/3.ppm,i_whitebuilding/H_1_3
i_whitebuilding,illumination,3,i_whitebuilding/1.ppm,i_whitebuilding/4.ppm,i_whitebuilding/H_1_4
i_whitebuilding,illumination,4,i_whitebuilding/1.ppm,i_whitebuilding/5.ppm,i_whitebuilding/H_1_5
i_whitebuilding,illumination,5,i_whitebuilding/1.ppm,i_whitebuilding/6.ppm,i_whitebuilding/H_1_6
i_yellowtent,illumination,1,i_yellowtent/1.ppm,i_yellowtent/2.ppm,i_yellowtent/H_1_2
i_yellowtent,illumination,2,i_yellowtent/1.ppm,i_yellowtent/3.ppm,i_yellowtent/H_1_3
i_yellowtent,illumination,3,i_yellowtent/1.ppm,i_yellowtent/4.ppm,i_yellowtent/H_1_4
i_yellowtent,illumination,4,i_yellowtent/1.ppm,i_yellowtent/5.ppm,i_yellowtent/H_1_5
i_yellowtent,illumination,5,i_yellowtent/1.ppm,i_yellowtent/6.ppm,i_yellowtent/H_1_6
i_zion,illumination,1,i_zion/1.ppm,i_zion/2.ppm,i_zion/H_1_2
i_zion,illumination,2,i_zion/1.ppm,i_zion/3.ppm,i_zion/H_1_3
i_zion,illumination,3,i_zion/1.ppm,i_zion/4.ppm,i_zion/H_1_4
i_zion,illumination,4,i_zion/1.ppm,i_zion/5.ppm,i_zion/H_1_5
i_zion,illumination,5,i_zion/1.ppm,i_zion/6.ppm,i_zion/H_1_6
v_abstract,viewpoint,1,v_abstract/1.ppm,v_abstract/2.ppm,v_abstract/H_1_2
v_abstract,viewpoint,2,v_abstract/1.ppm,v_abstract/3.ppm,v_abstract/H_1_3
v_abstract,viewpoint,3,v_abstract/1.ppm,v_abstract/4.ppm,v_abstract/H_1_4
v_abstract,viewpoint,4,v_abstract/1.ppm,v_abstract/5.ppm,v_abstract/H_1_5
v_abstract,viewpoint,5,v_abstract/1.ppm,v_abstract/6.ppm,v_abstract/H_1_6
v_adam,viewpoint,1,v_adam/1.ppm,v_adam/2.ppm,v_adam/H_1_2
v_adam,viewpoint,2,v_adam/1.ppm,v_adam/3.ppm,v_adam/H_1_3
v_adam,viewpoint,3,v_adam/1.ppm,v_adam/4.ppm,v_adam/H_1_4
v_adam,viewpoint,4,v_adam/1.ppm,v_adam/5.ppm,v_adam/H_1_5
v_adam,viewpoint,5,v_adam/1.ppm,v_adam/6.ppm,v_adam/H_1_6
v_apprentices,viewpoint,1,v_apprentices/1.ppm,v_apprentices/2.ppm,v_apprentices/H_1_2
v_apprentices,viewpoint,2,v_apprentices/1.ppm,v_apprentices/3.ppm,v_apprentices/H_1_3
v_apprentices,viewpoint,3,v_apprentices/1.ppm,v_apprentices/4.ppm,v_apprentices/H_1_4
v_apprentices,viewpoint,4,v_apprentices/1.ppm,v_apprentices/5.ppm,v_apprentices/H_1_5
v_apprentices,viewpoint,5,v_apprentices/1.ppm,v_apprentices/6.ppm,v_apprentices/H_1_6
v_artisans,viewpoint,1,v_artisans/1.ppm,v_artisans/2.ppm,v_artisans/H_1_2
v_artisans,viewpoint,2,v_artisans/1.ppm,v_artisans/3.ppm,v_artisans/H_1_3
v_artisans,viewpoint,3,v_artisans/1.ppm,v_artisans/4.ppm,v_artisans/H_1_4
v_artisans,viewpoint,4,v_artisans/1.ppm,v_artisans/5.ppm,v_artisans/H_1_5
v_artisans,viewpoint,5,v_artisans/1.ppm,v_artisans/6.ppm,v_artisans/H_1_6
v_astronautis,viewpoint,1,v_astronautis/1.ppm,v_astronautis/2.ppm,v_astronautis/H_1_2
v_astronautis,viewpoint,2,v_astronautis/1.ppm,v_astronautis/3.ppm,v_astronautis/H_1_3
v_astronautis,viewpoint,3,v_astronautis/1.ppm,v_astronautis/4.ppm,v_astronautis/H_1_4
v_astronautis,viewpoint,4,v_astronautis/1.ppm,v_astronautis/5.ppm,v_astronautis/H_1_5
v_astronautis,viewpoint,5,v_astronautis/1.ppm,v_astronautis/6.ppm,v_astronautis/H_1_6
v_azzola,viewpoint,1,v_azzola/1.ppm,v_azzola/2.ppm,v_azzola/H_1_2
v_azzola,viewpoint,2,v_azzola/1.ppm,v_azzola/3.ppm,v_azzola/H_1_3
v_azzola,viewpoint,3,v_azzola/1.ppm,v_azzola/4.ppm,v_azzola/H_1_4
v_azzola,viewpoint,4,v_azzola/1.ppm,v_azzola/5.ppm,v_azzola/H_1_5
v_azzola,viewpoint,5,v_azzola/1.ppm,v_azzola/6.ppm,v_azzola/H_1_6
v_bark,viewpoint,1,v_bark/1.ppm,v_bark/2.ppm,v_bark/H_1_2
v_bark,viewpoint,2,v_bark/1.ppm,v_bark/3.ppm,v_bark/H_1_3
v_bark,viewpoint,3,v_bark/1.ppm,v_bark/4.ppm,v_bark/H_1_4
v_bark,viewpoint,4,v_bark/1.ppm,v_bark/5.ppm,v_bark/H_1_5
v_bark,viewpoint,5,v_bark/1.ppm,v_bark/6.ppm,v_bark/H_1_6
v_bees,viewpoint,1,v_bees/1.ppm,v_bees/2.ppm,v_bees/H_1_2
v_bees,viewpoint,2,v_bees/1.ppm,v_bees/3.ppm,v_bees/H_1_3
v_bees,viewpoint,3,v_bees/1.ppm,v_bees/4.ppm,v_bees/H_1_4
v_bees,viewpoint,4,v_bees/1.ppm,v_bees/5.ppm,v_bees/H_1_5
v_bees,viewpoint,5,v_bees/1.ppm,v_bees/6.ppm,v_bees/H_1_6
v_beyus,viewpoint,1,v_beyus/1.ppm,v_beyus/2.ppm,v_beyus/H_1_2
v_beyus,viewpoint,2,v_beyus/1.ppm,v_beyus/3.ppm,v_beyus/H_1_3
v_beyus,viewpoint,3,v_beyus/1.ppm,v_beyus/4.ppm,v_beyus/H_1_4
v_beyus,viewpoint,4,v_beyus/1.ppm,v_beyus/5.ppm,v_beyus/H_1_5
v_beyus,viewpoint,5,v_beyus/1.ppm,v_beyus/6.ppm,v_beyus/H_1_6
v_bip,viewpoint,1,v_bip/1.ppm,v_bip/2.ppm,v_bip/H_1_2
v_bip,viewpoint,2,v_bip/1.ppm,v_bip/3.ppm,v_bip/H_1_3
v_bip,viewpoint,3,v_bip/1.ppm,v_bip/4.ppm,v_bip/H_1_4
v_bip,viewpoint,4,v_bip/1.ppm,v_bip/5.ppm,v_bip/H_1_5
v_bip,viewpoint,5,v_bip/1.ppm,v_bip/6.ppm,v_bip/H_1_6
v_bird,viewpoint,1,v_bird/1.ppm,v_bird/2.ppm,v_bird/H_1_2
v_bird,viewpoint,2,v_bird/1.ppm,v_bird/3.ppm,v_bird/H_1_3
v_bird,viewpoint,3,v_bird/1.ppm,v_bird/4.ppm,v_bird/H_1_4
v_bird,viewpoint,4,v_bird/1.ppm,v_bird/5.ppm,v_bird/H_1_5
v_bird,viewpoint,5,v_bird/1.ppm,v_bird/6.ppm,v_bird/H_1_6
v_birdwoman,viewpoint,1,v_birdwoman/1.ppm,v_birdwoman/2.ppm,v_birdwoman/H_1_2
v_birdwoman,viewpoint,2,v_birdwoman/1.ppm,v_birdwoman/3.ppm,v_birdwoman/H_1_3
v_birdwoman,viewpoint,3,v_birdwoman/1.ppm,v_birdwoman/4.ppm,v_birdwoman/H_1_4
v_birdwoman,viewpoint,4,v_birdwoman/1.ppm,v_birdwoman/5.ppm,v_birdwoman/H_1_5
v_birdwoman,viewpoint,5,v_birdwoman/1.ppm,v_birdwoman/6.ppm,v_birdwoman/H_1_6
v_blueprint,viewpoint,1,v_blueprint/1.ppm,v_blueprint/2.ppm,v_blueprint/H_1_2
v_blueprint,viewpoint,2,v_blueprint/1.ppm,v_blueprint/3.ppm,v_blueprint/H_1_3
v_blueprint,viewpoint,3,v_blueprint/1.ppm,v_blueprint/4.ppm,v_blueprint/H_1_4
v_blueprint,viewpoint,4,v_blueprint/1.ppm,v_blueprint/5.ppm,v_blueprint/H_1_5
v_blueprint,viewpoint,5,v_blueprint/1.ppm,v_blueprint/6.ppm,v_blueprint/H_1_6
v_boat,viewpoint,1,v_boat/1.ppm,v_boat/2.ppm,v_boat/H_1_2
v_boat,viewpoint,2,v_boat/1.ppm,v_boat/3.ppm,v_boat/H_1_3
v_boat,viewpoint,3,v_boat/1.ppm,v_boat/4.ppm,v_boat/H_1_4
v_boat,viewpoint,4,v_boat/1.ppm,v_boat/5.ppm,v_boat/H_1_5
v_boat,viewpoint,5,v_boat/1.ppm,v_boat/6.ppm,v_boat/H_1_6
v_bricks,viewpoint,1,v_bricks/1.ppm,v_bricks/2.ppm,v_bricks/H_1_2
v_bricks,viewpoint,2,v_bricks/1.ppm,v_bricks/3.ppm,v_bricks/H_1_3
v_bricks,viewpoint,3,v_bricks/1.ppm,v_bricks/4.ppm,v_bricks/H_1_4
v_bricks,viewpoint,4,v_bricks/1.ppm,v_bricks/5.ppm,v_bricks/H_1_5
v_bricks,viewpoint,5,v_bricks/1.ppm,v_bricks/6.ppm,v_bricks/H_1_6
v_busstop,viewpoint,1,v_busstop/1.ppm,v_busstop/2.ppm,v_busstop/H_1_2
v_busstop,viewpoint,2,v_busstop/1.ppm,v_busstop/3.ppm,v_busstop/H_1_3
v_busstop,viewpoint,3,v_busstop/1.ppm,v_busstop/4.ppm,v_busstop/H_1_4
v_busstop,viewpoint,4,v_busstop/1.ppm,v_busstop/5.ppm,v_busstop/H_1_5
v_busstop,viewpoint,5,v_busstop/1.ppm,v_busstop/6.ppm,v_busstop/H_1_6
v_calder,viewpoint,1,v_calder/1.ppm,v_calder/2.ppm,v_calder/H_1_2
v_calder,viewpoint,2,v_calder/1.ppm,v_calder/3.ppm,v_calder/H_1_3
v_calder,viewpoint,3,v_calder/1.ppm,v_calder/4.ppm,v_calder/H_1_4
v_calder,viewpoint,4,v_calder/1.ppm,v_calder/5.ppm,v_calder/H_1_5
v_calder,viewpoint,5,v_calder/1.ppm,v_calder/6.ppm,v_calder/H_1_6
v_cartooncity,viewpoint,1,v_cartooncity/1.ppm,v_cartooncity/2.ppm,v_cartooncity/H_1_2
v_cartooncity,viewpoint,2,v_cartooncity/1.ppm,v_cartooncity/3.ppm,v_cartooncity/H_1_3
v_cartooncity,viewpoint,3,v_cartooncity/1.ppm,v_cartooncity/4.ppm,v_cartooncity/H_1_4
v_cartooncity,viewpoint,4,v_cartooncity/1.ppm,v_cartooncity/5.ppm,v_cartooncity/H_1_5
v_cartooncity,viewpoint,5,v_cartooncity/1.ppm,v_cartooncity/6.ppm,v_cartooncity/H_1_6
v_charing,viewpoint,1,v_charing/1.ppm,v_charing/2.ppm,v_charing/H_1_2
v_charing,viewpoint,2,v_charing/1.ppm,v_charing/3.ppm,v_charing/H_1_3
v_charing,viewpoint,3,v_charing/1.ppm,v_charing/4.ppm,v_charing/H_1_4
v_charing,viewpoint,4,v_charing/1.ppm,v_charing/5.ppm,v_charing/H_1_5
v_charing,viewpoint,5,v_charing/1.ppm,v_charing/6.ppm,v_charing/H_1_6
v_churchill,viewpoint,1,v_churchill/1.ppm,v_churchill/2.ppm,v_churchill/H_1_2
v_churchill,viewpoint,2,v_churchill/1.ppm,v_churchill/3.ppm,v_churchill/H_1_3
v_churchill,viewpoint,3,v_churchill/1.ppm,v_churchill/4.ppm,v_churchill/H_1_4
v_churchill,viewpoint,4,v_churchill/1.ppm,v_churchill/5.ppm,v_churchill/H_1_5
v_churchill,viewpoint,5,v_churchill/1.ppm,v_churchill/6.ppm,v_churchill/H_1_6
v_circus,viewpoint,1,v_circus/1.ppm,v_circus/2.ppm,v_circus/H_1_2
v_circus,viewpoint,2,v_circus/1.ppm,v_circus/3.ppm,v_circus/H_1_3
v_circus,viewpoint,3,v_circus/1.ppm,v_circus/4.ppm,v_circus/H_1_4
v_circus,viewpoint,4,v_circus/1.ppm,v_circus/5.ppm,v_circus/H_1_5
v_circus,viewpoint,5,v_circus/1.ppm,v_circus/6.ppm,v_circus/H_1_6
v_coffeehouse,viewpoint,1,v_coffeehouse/1.ppm,v_coffeehouse/2.ppm,v_coffeehouse/H_1_2
v_coffeehouse,viewpoint,2,v_coffeehouse/1.ppm,v_coffeehouse/3.ppm,v_coffeehouse/H_1_3
v_coffeehouse,viewpoint,3,v_coffeehouse/1.ppm,v_coffeehouse/4.ppm,v_coffeehouse/H_1_4
v_coffeehouse,viewpoint,4,v_coffeehouse/1.ppm,v_coffeehouse/5.ppm,v_coffeehouse/H_1_5
v_coffeehouse,viewpoint,5,v_coffeehouse/1.ppm,v_coffeehouse/6.ppm,v_coffeehouse/H_1_6
v_colors,viewpoint,1,v_colors/1.ppm,v_colors/2.ppm,v_colors/H_1_2
v_colors,viewpoint,2,v_colors/1.ppm,v_colors/3.ppm,v_colors/H_1_3
v_colors,viewpoint,3,v_colors/1.ppm,v_colors/4.ppm,v_colors/H_1_4
v_colors,viewpoint,4,v_colors/1.ppm,v_colors/5.ppm,v_colors/H_1_5
v_colors,viewpoint,5,v_colors/1.ppm,v_colors/6.ppm,v_colors/H_1_6
v_courses,viewpoint,1,v_courses/1.ppm,v_courses/2.ppm,v_courses/H_1_2
v_courses,viewpoint,2,v_courses/1.ppm,v_courses/3.ppm,v_courses/H_1_3
v_courses,viewpoint,3,v_courses/1.ppm,v_courses/4.ppm,v_courses/H_1_4
v_courses,viewpoint,4,v_courses/1.ppm,v_courses/5.ppm,v_courses/H_1_5
v_courses,viewpoint,5,v_courses/1.ppm,v_courses/6.ppm,v_courses/H_1_6
v_dirtywall,viewpoint,1,v_dirtywall/1.ppm,v_dirtywall/2.ppm,v_dirtywall/H_1_2
v_dirtywall,viewpoint,2,v_dirtywall/1.ppm,v_dirtywall/3.ppm,v_dirtywall/H_1_3
v_dirtywall,viewpoint,3,v_dirtywall/1.ppm,v_dirtywall/4.ppm,v_dirtywall/H_1_4
v_dirtywall,viewpoint,4,v_dirtywall/1.ppm,v_dirtywall/5.ppm,v_dirtywall/H_1_5
v_dirtywall,viewpoint,5,v_dirtywall/1.ppm,v_dirtywall/6.ppm,v_dirtywall/H_1_6
v_dogman,viewpoint,1,v_dogman/1.ppm,v_dogman/2.ppm,v_dogman/H_1_2
v_dogman,viewpoint,2,v_dogman/1.ppm,v_dogman/3.ppm,v_dogman/H_1_3
v_dogman,viewpoint,3,v_dogman/1.ppm,v_dogman/4.ppm,v_dogman/H_1_4
v_dogman,viewpoint,4,v_dogman/1.ppm,v_dogman/5.ppm,v_dogman/H_1_5
v_dogman,viewpoint,5,v_dogman/1.ppm,v_dogman/6.ppm,v_dogman/H_1_6
v_eastsouth,viewpoint,1,v_eastsouth/1.ppm,v_eastsouth/2.ppm,v_eastsouth/H_1_2
v_eastsouth,viewpoint,2,v_eastsouth/1.ppm,v_eastsouth/3.ppm,v_eastsouth/H_1_3
v_eastsouth,viewpoint,3,v_eastsouth/1.ppm,v_eastsouth/4.ppm,v_eastsouth/H_1_4
v_eastsouth,viewpoint,4,v_eastsouth/1.ppm,v_eastsouth/5.ppm,v_eastsouth/H_1_5
v_eastsouth,viewpoint,5,v_eastsouth/1.ppm,v_eastsouth/6.ppm,v_eastsouth/H_1_6
v_feast,viewpoint,1,v_feast/1.ppm,v_feast/2.ppm,v_feast/H_1_2
v_feast,viewpoint,2,v_feast/1.ppm,v_feast/3.ppm,v_feast/H_1_3
v_feast,viewpoint,3,v_feast/1.ppm,v_feast/4.ppm,v_feast/H_1_4
v_feast,viewpoint,4,v_feast/1.ppm,v_feast/5.ppm,v_feast/H_1_5
v_feast,viewpoint,5,v_feast/1.ppm,v_feast/6.ppm,v_feast/H_1_6
v_fest,viewpoint,1,v_fest/1.ppm,v_fest/2.ppm,v_fest/H_1_2
v_fest,viewpoint,2,v_fest/1.ppm,v_fest/3.ppm,v_fest/H_1_3
v_fest,viewpoint,3,v_fest/1.ppm,v_fest/4.ppm,v_fest/H_1_4
v_fest,viewpoint,4,v_fest/1.ppm,v_fest/5.ppm,v_fest/H_1_5
v_fest,viewpoint,5,v_fest/1.ppm,v_fest/6.ppm,v_fest/H_1_6
v_gardens,viewpoint,1,v_gardens/1.ppm,v_gardens/2.ppm,v_gardens/H_1_2
v_gardens,viewpoint,2,v_gardens/1.ppm,v_gardens/3.ppm,v_gardens/H_1_3
v_gardens,viewpoint,3,v_gardens/1.ppm,v_gardens/4.ppm,v_gardens/H_1_4
v_gardens,viewpoint,4,v_gardens/1.ppm,v_gardens/5.ppm,v_gardens/H_1_5
v_gardens,viewpoint,5,v_gardens/1.ppm,v_gardens/6.ppm,v_gardens/H_1_6
v_grace,viewpoint,1,v_grace/1.ppm,v_grace/2.ppm,v_grace/H_1_2
v_grace,viewpoint,2,v_grace/1.ppm,v_grace/3.ppm,v_grace/H_1_3
v_grace,viewpoint,3,v_grace/1.ppm,v_grace/4.ppm,v_grace/H_1_4
v_grace,viewpoint,4,v_grace/1.ppm,v_grace/5.ppm,v_grace/H_1_5
v_grace,viewpoint,5,v_grace/1.ppm,v_grace/6.ppm,v_grace/H_1_6
v_graffiti,viewpoint,1,v_graffiti/1.ppm,v_graffiti/2.ppm,v_graffiti/H_1_2
v_graffiti,viewpoint,2,v_graffiti/1.ppm,v_graffiti/3.ppm,v_graffiti/H_1_3
v_graffiti,viewpoint,3,v_graffiti/1.ppm,v_graffiti/4.ppm,v_graffiti/H_1_4
v_graffiti,viewpoint,4,v_graffiti/1.ppm,v_graffiti/5.ppm,v_graffiti/H_1_5
v_graffiti,viewpoint,5,v_graffiti/1.ppm,v_graffiti/6.ppm,v_graffiti/H_1_6
v_home,viewpoint,1,v_home/1.ppm,v_home/2.ppm,v_home/H_1_2
v_home,viewpoint,2,v_home/1.ppm,v_home/3.ppm,v_home/H_1_3
v_home,viewpoint,3,v_home/1.ppm,v_home/4.ppm,v_home/H_1_4
v_home,viewpoint,4,v_home/1.ppm,v_home/5.ppm,v_home/H_1_5
v_home,viewpoint,5,v_home/1.ppm,v_home/6.ppm,v_home/H_1_6
v_laptop,viewpoint,1,v_laptop/1.ppm,v_laptop/2.ppm,v_laptop/H_1_2
v_laptop,viewpoint,2,v_laptop/1.ppm,v_laptop/3.ppm,v_laptop/H_1_3
v_laptop,viewpoint,3,v_laptop/1.ppm,v_laptop/4.ppm,v_laptop/H_1_4
v_laptop,viewpoint,4,v_laptop/1.ppm,v_laptop/5.ppm,v_laptop/H_1_5
v_laptop,viewpoint,5,v_laptop/1.ppm,v_laptop/6.ppm,v_laptop/H_1_6
v_london,viewpoint,1,v_london/1.ppm,v_london/2.ppm,v_london/H_1_2
v_london,viewpoint,2,v_london/1.ppm,v_london/3.ppm,v_london/H_1_3
v_london,viewpoint,3,v_london/1.ppm,v_london/4.ppm,v_london/H_1_4
v_london,viewpoint,4,v_london/1.ppm,v_london/5.ppm,v_london/H_1_5
v_london,viewpoint,5,v_london/1.ppm,v_london/6.ppm,v_london/H_1_6
v_machines,viewpoint,1,v_machines/1.ppm,v_machines/2.ppm,v_machines/H_1_2
v_machines,viewpoint,2,v_machines/1.ppm,v_machines/3.ppm,v_machines/H_1_3
v_machines,viewpoint,3,v_machines/1.ppm,v_machines/4.ppm,v_machines/H_1_4
v_machines,viewpoint,4,v_machines/1.ppm,v_machines/5.ppm,v_machines/H_1_5
v_machines,viewpoint,5,v_machines/1.ppm,v_machines/6.ppm,v_machines/H_1_6
v_man,viewpoint,1,v_man/1.ppm,v_man/2.ppm,v_man/H_1_2
v_man,viewpoint,2,v_man/1.ppm,v_man/3.ppm,v_man/H_1_3
v_man,viewpoint,3,v_man/1.ppm,v_man/4.ppm,v_man/H_1_4
v_man,viewpoint,4,v_man/1.ppm,v_man/5.ppm,v_man/H_1_5
v_man,viewpoint,5,v_man/1.ppm,v_man/6.ppm,v_man/H_1_6
v_maskedman,viewpoint,1,v_maskedman/1.ppm,v_maskedman/2.ppm,v_maskedman/H_1_2
v_maskedman,viewpoint,2,v_maskedman/1.ppm,v_maskedman/3.ppm,v_maskedman/H_1_3
v_maskedman,viewpoint,3,v_maskedman/1.ppm,v_maskedman/4.ppm,v_maskedman/H_1_4
v_maskedman,viewpoint,4,v_maskedman/1.ppm,v_maskedman/5.ppm,v_maskedman/H_1_5
v_maskedman,viewpoint,5,v_maskedman/1.ppm,v_maskedman/6.ppm,v_maskedman/H_1_6
v_pomegranate,viewpoint,1,v_pomegranate/1.ppm,v_pomegranate/2.ppm,v_pomegranate/H_1_2
v_pomegranate,viewpoint,2,v_pomegranate/1.ppm,v_pomegranate/3.ppm,v_pomegranate/H_1_3
v_pomegranate,viewpoint,3,v_pomegranate/1.ppm,v_pomegranate/4.ppm,v_pomegranate/H_1_4
v_pomegranate,viewpoint,4,v_pomegranate/1.ppm,v_pomegranate/5.ppm,v_pomegranate/H_1_5
v_pomegranate,viewpoint,5,v_pomegranate/1.ppm,v_pomegranate/6.ppm,v_pomegranate/H_1_6
v_posters,viewpoint,1,v_posters/1.ppm,v_posters/2.ppm,v_posters/H_1_2
v_posters,viewpoint,2,v_posters/1.ppm,v_posters/3.ppm,v_posters/H_1_3
v_posters,viewpoint,3,v_posters/1.ppm,v_posters/4.ppm,v_posters/H_1_4
v_posters,viewpoint,4,v_posters/1.ppm,v_posters/5.ppm,v_posters/H_1_5
v_posters,viewpoint,5,v_posters/1.ppm,v_posters/6.ppm,v_posters/H_1_6
v_samples,viewpoint,1,v_samples/1.ppm,v_samples/2.ppm,v_samples/H_1_2
v_samples,viewpoint,2,v_samples/1.ppm,v_samples/3.ppm,v_samples/H_1_3
v_samples,viewpoint,3,v_samples/1.ppm,v_samples/4.ppm,v_samples/H_1_4
v_samples,viewpoint,4,v_samples/1.ppm,v_samples/5.ppm,v_samples/H_1_5
v_samples,viewpoint,5,v_samples/1.ppm,v_samples/6.ppm,v_samples/H_1_6
v_soldiers,viewpoint,1,v_soldiers/1.ppm,v_soldiers/2.ppm,v_soldiers/H_1_2
v_soldiers,viewpoint,2,v_soldiers/1.ppm,v_soldiers/3.ppm,v_soldiers/H_1_3
v_soldiers,viewpoint,3,v_soldiers/1.ppm,v_soldiers/4.ppm,v_soldiers/H_1_4
v_soldiers,viewpoint,4,v_soldiers/1.ppm,v_soldiers/5.ppm,v_soldiers/H_1_5
v_soldiers,viewpoint,5,v_soldiers/1.ppm,v_soldiers/6.ppm,v_soldiers/H_1_6
v_strand,viewpoint,1,v_strand/1.ppm,v_strand/2.ppm,v_strand/H_1_2
v_strand,viewpoint,2,v_strand/1.ppm,v_strand/3.ppm,v_strand/H_1_3
v_strand,viewpoint,3,v_strand/1.ppm,v_strand/4.ppm,v_strand/H_1_4
v_strand,viewpoint,4,v_strand/1.ppm,v_strand/5.ppm,v_strand/H_1_5
v_strand,viewpoint,5,v_strand/1.ppm,v_strand/6.ppm,v_strand/H_1_6
v_sunseason,viewpoint,1,v_sunseason/1.ppm,v_sunseason/2.ppm,v_sunseason/H_1_2
v_sunseason,viewpoint,2,v_sunseason/1.ppm,v_sunseason/3.ppm,v_sunseason/H_1_3
v_sunseason,viewpoint,3,v_sunseason/1.ppm,v_sunseason/4.ppm,v_sunseason/H_1_4
v_sunseason,viewpoint,4,v_sunseason/1.ppm,v_sunseason/5.ppm,v_sunseason/H_1_5
v_sunseason,viewpoint,5,v_sunseason/1.ppm,v_sunseason/6.ppm,v_sunseason/H_1_6
v_tabletop,viewpoint,1,v_tabletop/1.ppm,v_tabletop/2.ppm,v_tabletop/H_1_2
v_tabletop,viewpoint,2,v_tabletop/1.ppm,v_tabletop/3.ppm,v_tabletop/H_1_3
v_tabletop,viewpoint,3,v_tabletop/1.ppm,v_tabletop/4.ppm,v_tabletop/H_1_4
v_tabletop,viewpoint,4,v_tabletop/1.ppm,v_tabletop/5.ppm,v_tabletop/H_1_5
v_tabletop,viewpoint,5,v_tabletop/1.ppm,v_tabletop/6.ppm,v_tabletop/H_1_6
v_talent,viewpoint,1,v_talent/1.ppm,v_talent/2.ppm,v_talent/H_1_2
v_talent,viewpoint,2,v_talent/1.ppm,v_talent/3.ppm,v_talent/H_1_3
v_talent,viewpoint,3,v_talent/1.ppm,v_talent/4.ppm,v_talent/H_1_4
v_talent,viewpoint,4,v_talent/1.ppm,v_talent/5.ppm,v_talent/H_1_5
v_talent,viewpoint,5,v_talent/1.ppm,v_talent/6.ppm,v_talent/H_1_6
v_tempera,viewpoint,1,v_tempera/1.ppm,v_tempera/2.ppm,v_tempera/H_1_2
v_tempera,viewpoint,2,v_tempera/1.ppm,v_tempera/3.ppm,v_tempera/H_1_3
v_tempera,viewpoint,3,v_tempera/1.ppm,v_tempera/4.ppm,v_tempera/H_1_4
v_tempera,viewpoint,4,v_tempera/1.ppm,v_tempera/5.ppm,v_tempera/H_1_5
v_tempera,viewpoint,5,v_tempera/1.ppm,v_tempera/6.ppm,v_tempera/H_1_6
v_there,viewpoint,1,v_there/1.ppm,v_there/2.ppm,v_there/H_1_2
v_there,viewpoint,2,v_there/1.ppm,v_there/3.ppm,v_there/H_1_3
v_there,viewpoint,3,v_there/1.ppm,v_there/4.ppm,v_there/H_1_4
v_there,viewpoint,4,v_there/1.ppm,v_there/5.ppm,v_there/H_1_5
v_there,viewpoint,5,v_there/1.ppm,v_there/6.ppm,v_there/H_1_6
v_underground,viewpoint,1,v_underground/1.ppm,v_underground/2.ppm,v_underground/H_1_2
v_underground,viewpoint,2,v_underground/1.ppm,v_underground/3.ppm,v_underground/H_1_3
v_underground,viewpoint,3,v_underground/1.ppm,v_underground/4.ppm,v_underground/H_1_4
v_underground,viewpoint,4,v_underground/1.ppm,v_underground/5.ppm,v_underground/H_1_5
v_underground,viewpoint,5,v_underground/1.ppm,v_underground/6.ppm,v_underground/H_1_6
v_vitro,viewpoint,1,v_vitro/1.ppm,v_vitro/2.ppm,v_vitro/H_1_2
v_vitro,viewpoint,2,v_vitro/1.ppm,v_vitro/3.ppm,v_vitro/H_1_3
v_vitro,viewpoint,3,v_vitro/1.ppm,v_vitro/4.ppm,v_vitro/H_1_4
v_vitro,viewpoint,4,v_vitro/1.ppm,v_vitro/5.ppm,v_vitro/H_1_5
v_vitro,viewpoint,5,v_vitro/1.ppm,v_vitro/6.ppm,v_vitro/H_1_6
v_wall,viewpoint,1,v_wall/1.ppm,v_wall/2.ppm,v_wall/H_1_2
v_wall,viewpoint,2,v_wall/1.ppm,v_wall/3.ppm,v_wall/H_1_3
v_wall,viewpoint,3,v_wall/1.ppm,v_wall/4.ppm,v_wall/H_1_4
v_wall,viewpoint,4,v_wall/1.ppm,v_wall/5.ppm,v_wall/H_1_5
v_wall,viewpoint,5,v_wall/1.ppm,v_wall/6.ppm,v_wall/H_1_6
v_wapping,viewpoint,1,v_wapping/1.ppm,v_wapping/2.ppm,v_wapping/H_1_2
v_wapping,viewpoint,2,v_wapping/1.ppm,v_wapping/3.ppm,v_wapping/H_1_3
v_wapping,viewpoint,3,v_wapping/1.ppm,v_wapping/4.ppm,v_wapping/H_1_4
v_wapping,viewpoint,4,v_wapping/1.ppm,v_wapping/5.ppm,v_wapping/H_1_5
v_wapping,viewpoint,5,v_wapping/1.ppm,v_wapping/6.ppm,v_wapping/H_1_6
v_war,viewpoint,1,v_war/1.ppm,v_war/2.ppm,v_war/H_1_2
v_war,viewpoint,2,v_war/1.ppm,v_war/3.ppm,v_war/H_1_3
v_war,viewpoint,3,v_war/1.ppm,v_war/4.ppm,v_war/H_1_4
v_war,viewpoint,4,v_war/1.ppm,v_war/5.ppm,v_war/H_1_5
v_war,viewpoint,5,v_war/1.ppm,v_war/6.ppm,v_war/H_1_6
v_weapons,viewpoint,1,v_weapons/1.ppm,v_weapons/2.ppm,v_weapons/H_1_2
v_weapons,viewpoint,2,v_weapons/1.ppm,v_weapons/3.ppm,v_weapons/H_1_3
v_weapons,viewpoint,3,v_weapons/1.ppm,v_weapons/4.ppm,v_weapons/H_1_4
v_weapons,viewpoint,4,v_weapons/1.ppm,v_weapons/5.ppm,v_weapons/H_1_5
v_weapons,viewpoint,5,v_weapons/1.ppm,v_weapons/6.ppm,v_weapons/H_1_6
v_woman,viewpoint,1,v_woman/1.ppm,v_woman/2.ppm,v_woman/H_1_2
v_woman,viewpoint,2,v_woman/1.ppm,v_woman/3.ppm,v_woman/H_1_3
v_woman,viewpoint,3,v_woman/1.ppm,v_woman/4.ppm,v_woman/H_1_4
v_woman,viewpoint,4,v_woman/1.ppm,v_woman/5.ppm,v_woman/H_1_5
v_woman,viewpoint,5,v_woman/1.ppm,v_woman/6.ppm,v_woman/H_1_6
v_wormhole,viewpoint,1,v_wormhole/1.ppm,v_wormhole/2.ppm,v_wormhole/H_1_2
v_wormhole,viewpoint,2,v_wormhole/1.ppm,v_wormhole/3.ppm,v_wormhole/H_1_3
v_wormhole,viewpoint,3,v_wormhole/1.ppm,v_wormhole/4.ppm,v_wormhole/H_1_4
v_wormhole,viewpoint,4,v_wormhole/1.ppm,v_wormhole/5.ppm,v_wormhole/H_1_5
v_wormhole,viewpoint,5,v_wormhole/1.ppm,v_wormhole/6.ppm,v_wormhole/H_1_6
v_wounded,viewpoint,1,v_wounded/1.ppm,v_wounded/2.ppm,v_wounded/H_1_2
v_wounded,viewpoint,2,v_wounded/1.ppm,v_wounded/3.ppm,v_wounded/H_1_3
v_wounded,viewpoint,3,v_wounded/1.ppm,v_wounded/4.ppm,v_wounded/H_1_4
v_wounded,viewpoint,4,v_wounded/1.ppm,v_wounded/5.ppm,v_wounded/H_1_5
v_wounded,viewpoint,5,v_wounded/1.ppm,v_wounded/6.ppm,v_wounded/H_1_6
v_yard,viewpoint,1,v_yard/1.ppm,v_yard/2.ppm,v_yard/H_1_2
v_yard,viewpoint,2,v_yard/1.ppm,v_yard/3.ppm,v_yard/H_1_3
v_yard,viewpoint,3,v_yard/1.ppm,v_yard/4.ppm,v_yard/H_1_4
v_yard,viewpoint,4,v_yard/1.ppm,v_yard/5.ppm,v_yard/H_1_5
v_yard,viewpoint,5,v_yard/1.ppm,v_yard/6.ppm,v_yard/H_1_6
v_yuri,viewpoint,1,v_yuri/1.ppm,v_yuri/2.ppm,v_yuri/H_1_2
v_yuri,viewpoint,2,v_yuri/1.ppm,v_yuri/3.ppm,v_yuri/H_1_3
v_yuri,viewpoint,3,v_yuri/1.ppm,v_yuri/4.ppm,v_yuri/H_1_4
v_yuri,viewpoint,4,v_yuri/1.ppm,v_yuri/5.ppm,v_yuri/H_1_5
v_yuri,viewpoint,5,v_yuri/1.ppm,v_yuri/6.ppm,v_yuri/H_1_6
